{
  "benchmark": "synthetic_centroid_routing",
  "seed": 42,
  "configuration": {
    "shards": 128,
    "dimensions": 64,
    "queries": 50,
    "probe_shards": 8,
    "bands": [
      4,
      8,
      16,
      32,
      64
    ],
    "low_rank": 16,
    "physical_vectors_loaded": false,
    "billion_scale_estimate": false,
    "estimated_catalog_items": 1000000,
    "estimated_only": true
  },
  "methods": {
    "exhaustive": {
      "latency_ms": {
        "mean": 0.006432000081986189,
        "p50": 0.00600004568696022,
        "p95": 0.00701993703842163,
        "p99": 0.015757003566250184
      },
      "queries_per_second": 155472.6348341715,
      "centroid_top_b_recall": 1.0,
      "fraction_certified": 0.0,
      "fraction_exact_fallback": 0.0,
      "mean_used_spectral_band": 0.0,
      "memory_bytes": 65536
    },
    "random": {
      "latency_ms": {
        "mean": 0.006043997127562761,
        "p50": 0.005100038833916187,
        "p95": 0.007825007196515795,
        "p99": 0.025199956726282776
      },
      "queries_per_second": 165453.4207899681,
      "centroid_top_b_recall": 0.065,
      "fraction_certified": 0.0,
      "fraction_exact_fallback": 0.0,
      "mean_used_spectral_band": 0.0,
      "memory_bytes": 0
    },
    "pca_low_rank": {
      "latency_ms": {
        "mean": 0.009915996342897415,
        "p50": 0.008599949069321156,
        "p95": 0.01115496852435171,
        "p99": 0.034561970969662036
      },
      "queries_per_second": 100847.15296575069,
      "centroid_top_b_recall": 0.8525,
      "fraction_certified": 0.0,
      "fraction_exact_fallback": 0.0,
      "mean_used_spectral_band": 0.0,
      "memory_bytes": 25088
    },
    "truncated_svd": {
      "latency_ms": {
        "mean": 0.008676003199070692,
        "p50": 0.008200062438845634,
        "p95": 0.008955015800893307,
        "p99": 0.01877102418802676
      },
      "queries_per_second": 115260.4462048968,
      "centroid_top_b_recall": 0.865,
      "fraction_certified": 0.0,
      "fraction_exact_fallback": 0.0,
      "mean_used_spectral_band": 0.0,
      "memory_bytes": 25088
    },
    "hierarchical": {
      "latency_ms": {
        "mean": 0.02220999449491501,
        "p50": 0.020749983377754688,
        "p95": 0.03111000405624509,
        "p99": 0.052387990290299044
      },
      "queries_per_second": 45024.77478006357,
      "centroid_top_b_recall": 1.0,
      "fraction_certified": 0.0,
      "fraction_exact_fallback": 0.0,
      "mean_used_spectral_band": 0.0,
      "memory_bytes": 72192
    },
    "ivf_centroid_probing": {
      "latency_ms": {
        "mean": 0.011392012238502502,
        "p50": 0.010000017937272787,
        "p95": 0.014389981515705575,
        "p99": 0.041672965744510224
      },
      "queries_per_second": 87780.80457289357,
      "centroid_top_b_recall": 1.0,
      "fraction_certified": 0.0,
      "fraction_exact_fallback": 0.0,
      "mean_used_spectral_band": 0.0,
      "memory_bytes": 65536
    },
    "ssfr": {
      "latency_ms": {
        "mean": 0.08157399483025074,
        "p50": 0.05870003951713443,
        "p95": 0.17666500061750406,
        "p99": 0.2872789709363131
      },
      "queries_per_second": 12258.808730416155,
      "centroid_top_b_recall": 1.0,
      "fraction_certified": 1.0,
      "fraction_exact_fallback": 0.0,
      "mean_used_spectral_band": 64.0,
      "memory_bytes": 81920,
      "spectral_energy": {
        "4": 0.3420541285025178,
        "8": 0.45425055426202937,
        "16": 0.589217668725216,
        "32": 0.7495599390671395,
        "64": 1.0
      },
      "ordering": {
        "mean_consecutive_distance": 1.0187346473244068,
        "median_consecutive_distance": 0.9694746840093118,
        "total_variation": 129.37930021019966
      }
    },
    "ssfr_without_ordering": {
      "latency_ms": {
        "mean": 0.06345400353893638,
        "p50": 0.05779997445642948,
        "p95": 0.08524995064362882,
        "p99": 0.11258398066274816
      },
      "queries_per_second": 15759.446910018598,
      "centroid_top_b_recall": 1.0,
      "fraction_certified": 1.0,
      "fraction_exact_fallback": 0.0,
      "mean_used_spectral_band": 64.0,
      "memory_bytes": 81920,
      "spectral_energy": {
        "4": 0.10320996237853151,
        "8": 0.16622322856261187,
        "16": 0.2865901273240875,
        "32": 0.5271161308464823,
        "64": 1.0
      },
      "ordering": {
        "mean_consecutive_distance": 1.371670102781633,
        "median_consecutive_distance": 1.3999856827758301,
        "total_variation": 174.2021030532674
      }
    },
    "ssfr_without_certificate": {
      "latency_ms": {
        "mean": 0.012672001030296087,
        "p50": 0.011200027074664831,
        "p95": 0.02107998006977139,
        "p99": 0.03424202790483832
      },
      "queries_per_second": 78914.1349980331,
      "centroid_top_b_recall": 0.57,
      "fraction_certified": 0.0,
      "fraction_exact_fallback": 0.0,
      "mean_used_spectral_band": 4.0,
      "memory_bytes": 8192,
      "spectral_energy": {
        "4": 0.3420541285025178
      }
    }
  },
  "kill_criteria": [
    "The mean Fourier band is close to the shard count.",
    "Measured SSFR routing was not faster than matrix multiplication."
  ]
}